{"confidence": 0.5, "rotate": null, "model_path": "/home/pi/people_counter/model/yolov8s_h8.hef", "line_pct": 0.6946386946386947, "log_path": "/home/pi/people_counter/log", "roi": [0.02879581151832459, 0.424361493123772, 0.9725130890052356, 1.0], "display_mode": "windowed", "roi_y1": 0.4358974358974359, "roi_y2": 1.0, "roi_x1": 0.049738219895287955, "roi_x2": 0.9973821989528796, "log_dir": "/home/pi/people_counter/log", "roi_pct": 0.578088578088578}